"krw","vko","wti","cboe","label_ko"
"1906.62","14.98","105.3","12.72","neutral"
"1878.33","15.35","104.37","12.98","up"
"1883.97","14.96","103.4","12.73","up"
"1880.71","14.38","105.97","13.41","up"
"1884.83","14.72","106.11","12.81","up"
"1913.03","14.26","106.83","12.31","neutral"
"1923.91","13.78","106.85","13.04","neutral"
"1920.11","14.23","107.33","14.73","up"
"1917.64","14.51","107.46","14.37","up"
"1887.85","15.58","107.1","15.1","up"
"1867.46","16.11","104.96","14.91","up"
"1849.12","16.32","103.85","15.94","up"
"1870.16","15","105.03","14.76","up"
"1887.86","14.61","106.42","13.98","up"
"1885.84","15.3","105.92","14.99","up"
"1884.52","15.7","109.01","16.77","up"
"1907.54","15.66","110.1","16.49","up"
"1926.36","15.73","108.8","16.81","up"
"1924.81","16.12","107.65","17.01","up"
"1933.74","16.02","106.75","16.61","neutral"
"1933.03","16.26","108.54","15.88","neutral"
"1951.65","16.16","107.23","15.77","neutral"
"1955.31","15.97","108.37","15.85","neutral"
"1974.67","16.41","110.53","15.63","neutral"
"1994.06","15.9","109.52","14.53","neutral"
"2003.85","15.65","107.39","13.82","down"
"2004.06","15.71","107.56","14.29","down"
"1994.32","15.76","108.6","14.16","down"
"2013.37","15.93","108.21","14.38","down"
"2005.58","16.37","106.59","14.53","down"
"2009.41","15.91","105.42","13.59","down"
"2007.1","15.43","108.07","13.16","down"
"1998.06","15.01","106.39","13.12","down"
"2007.32","14.62","104.68","14.31","down"
"2011.8","14.45","103.59","14.08","down"
"1996.96","15.38","103.13","14.01","neutral"
"1998.87","15.53","102.66","14.06","neutral"
"1999.47","14.72","103.03","15.46","neutral"
"1996.98","15.1","102.87","16.6","neutral"
"1994.42","15.38","102.33","15.54","down"
"2002.76","15.39","102.04","16.6","down"
"2001.4","15.51","104.1","17.67","down"
"2024.9","13.92","103.31","16.74","down"
"2020.27","14.19","103.84","19.41","down"
"2040.96","13.52","103.03","20.34","down"
"2034.61","14.61","103.49","19.6","down"
"2040.61","14.01","101.61","16.48","down"
"2052.4","13.43","103.01","15.72","down"
"2053.01","13.82","102.02","16.07","down"
"2056.12","13.81","102.41","18.66","down"
"2035.75","14.22","101.21","14.71","down"
"2046.69","13.54","102.29","13.48","down"
"2034.39","13.56","100.67","13.04","down"
"2048.14","13.62","100.81","13.16","down"
"2051.76","13.48","99.22","13.33","down"
"2059.58","13.55","97.8","13.42","down"
"2030.09","14.41","96.86","13.2","down"
"2039.42","13.76","97.11","13.09","down"
"2025.17","14.03","97.85","13.31","down"
"2013.93","13.53","98.68","13.41","down"
"2013.67","13.61","98.2","13.65","down"
"2004.04","13.47","96.77","13.75","down"
"1984.87","13.63","96.38","13.28","down"
"1977.3","13.92","94.61","12.93","down"
"1995.48","13.56","94.62","13.27","down"
"1963.56","14.75","93.37","12.67","down"
"1967.56","14.22","94.8","13.91","down"
"2005.64","13.78","94.2","12.9","down"
"2010.81","13.99","94.6","12.53","down"
"2031.64","13.84","95.14","12.82","down"
"2017.24","14.13","93.04","12.52","down"
"1993.78","15.15","93.88","12.37","down"
"2006.23","14.41","93.76","12.19","down"
"2015.98","14.48","93.84","13.1","down"
"2022.64","14.47","93.03","13.39","down"
"2028.81","14.65","93.34","13.4","down"
"2045.77","14.69","93.33","12.66","down"
"2044.87","14.42","95.44","12.26","down"
"2030.78","14.62","94.84","12.79","down"
"2009.36","14.62","94.09","12.81","down"
"1986.8","14.62","93.68","12.98","down"
"1984.77","14.89","92.3","13.7","down"
"1980.41","14.93","92.28","14.23","down"
"2000.38","14.79","92.72","14.55","down"
"1993.45","14.15","93.82","14.7","down"
"1977.97","14.31","96.04","15.08","down"
"1967.93","15.13","97.2","13.79","down"
"1962.91","14.92","97.38","13.49","down"
"1961.15","15.41","97.65","13.91","down"
"1965.74","14.88","97.34","15.42","down"
"1974.63","15.08","98.51","15.54","down"
"1975.65","14.08","97.44","15.76","down"
"1983.35","13.3","97.5","16.03","down"
"1996.89","13.15","96.6","16.21","down"
"2001.59","12.64","97.48","13.8","down"
"1999.3","12.91","97.22","14.15","down"
"2002.28","12.6","97.8","13.79","down"
"2011.34","12.84","98.77","13.04","down"
"2011.34","13.99","99.32","12.48","down"
"1967.19","14.11","98.91","12.33","neutral"
"1946.14","14.29","99.22","12.46","neutral"
"1953.28","13.85","99.55","13.56","neutral"
"1959.44","13.62","100.32","13.72","neutral"
"1958.96","13.4","99.29","14.23","neutral"
"1946.11","13.75","98.42","13.76","neutral"
"1938.54","13.39","98.7","13.55","neutral"
"1948.92","13.29","95.44","12.92","neutral"
"1946.07","13.06","93.96","12.87","neutral"
"1953.28","12.82","93.43","12.89","neutral"
"1957.32","13.11","93.67","12.14","neutral"
"1944.48","13.14","92.33","13.28","neutral"
"1953.78","12.97","91.66","12.28","neutral"
"1963.89","12.9","92.72","12.28","neutral"
"1970.42","13.22","91.8","12.53","neutral"
"1947.59","13.29","92.59","12.44","neutral"
"1940.56","15.07","94.17","12.87","neutral"
"1910.34","14.89","93.96","12.84","up"
"1916.93","14.43","94.37","13.77","up"
"1941.15","15.88","93.93","18.14","neutral"
"1919.96","17.67","94.99","17.42","neutral"
"1886.85","17.11","96.73","15.8","up"
"1891.32","16.52","97.32","17.35","neutral"
"1907.89","15.39","96.64","17.29","neutral"
"1922.5","15.29","95.72","18.41","neutral"
"1923.3","14.78","97.41","21.44","neutral"
"1932.06","14.46","97.36","19.11","neutral"
"1935.84","14.99","98.23","19.95","neutral"
"1926.96","14.14","97.49","17.23","neutral"
"1940.28","14.27","96.43","15.29","neutral"
"1946.36","14.29","97.19","15.26","neutral"
"1946.91","14.54","97.38","14.51","neutral"
"1942.93","14.75","97.84","14.3","neutral"
"1930.57","14.14","99.88","14.14","up"
"1957.83","14.36","100.06","13.57","neutral"
"1949.05","13.62","99.94","13.87","neutral"
"1964.86","13.6","100.37","15.5","neutral"
"1970.77","13.44","100.35","14.79","neutral"
"1978.43","13.49","100.3","14.68","neutral"
"1979.99","14.51","100.58","14.23","neutral"
"1964.69","14.45","102.43","13.67","neutral"
"1954.11","13.82","103.31","14.35","neutral"
"1971.24","13.57","102.92","14.04","neutral"
"1975.62","13.17","102.2","14","neutral"
"1974.68","13.96","102.82","16","neutral"
"1954.42","13.4","101.83","14.1","neutral"
"1963.87","14.49","102.59","13.89","neutral"
"1932.54","13.78","102.4","14.21","up"
"1934.38","14.52","102.59","14.11","neutral"
"1919.9","14.34","104.92","14.2","neutral"
"1927.53","13.43","103.33","14.8","neutral"
"1940.21","13.45","101.45","14.47","neutral"
"1937.68","13.76","101.56","16.22","neutral"
"1919.52","12.76","102.58","17.82","neutral"
"1934.94","12.84","101.12","15.64","neutral"
"1945.55","12.96","100.03","14.52","neutral"
"1941.25","12.59","97.99","15.12","neutral"
"1964.31","12.97","98.2","14.52","neutral"
"1977.97","13.23","98.89","15","neutral"
"1981","13.82","98.08","15.09","neutral"
"1985.61","13.61","99.7","14.02","neutral"
"1991.98","13.34","100.37","14.93","neutral"
"1997.25","13.1","99.43","14.62","neutral"
"1993.7","12.75","99.46","14.41","neutral"
"1988.09","12.92","99.6","13.88","neutral"
"1989.7","12.97","99.19","13.1","neutral"
"1993.03","12.68","100.26","13.09","neutral"
"1998.95","12.59","101.28","13.37","neutral"
"2008.61","12.42","101.67","13.96","down"
"1997.44","12.22","101.58","15.57","down"
"1997.02","12.15","99.74","14.89","down"
"1992.27","12.15","99.62","13.82","neutral"
"1992.21","12.11","100.29","15.89","neutral"
"1992.05","11.47","101.14","17.03","neutral"
"2004.28","11.96","100.44","16.11","neutral"
"1999.22","11.89","102.56","15.61","neutral"
"2004.22","11.79","103.6","14.18","neutral"
"2000.37","12.07","103.4","13.36","neutral"
"1998.34","12.2","103.74","13.25","neutral"
"1971.66","12.18","104.05","13.19","neutral"
"1969.26","11.66","103.75","13.27","up"
"1964.77","11.6","103.76","13.32","up"
"1961.79","10.76","104.3","14.06","up"
"1959.44","12","104.37","13.97","up"
"1939.88","11.36","102.13","13.71","up"
"1950.6","10.71","101.44","13.41","up"
"1956.55","10.38","101.94","13.25","up"
"1964.94","10.21","100.6","12.91","up"
"1982.93","11.17","100.84","13.29","neutral"
"2010.83","11.37","101.28","13.8","neutral"
"2010.2","11.4","99.74","13.4","neutral"
"2013.44","11.93","99.42","13.43","neutral"
"2015.14","11.99","99.76","12.92","neutral"
"2011.26","11.87","99.48","12.23","neutral"
"2008.33","11.29","99.5","12.13","neutral"
"2015.59","11.09","100.77","12.17","neutral"
"2017.17","11.13","100.26","13.17","neutral"
"2010.35","11.11","99.99","12.44","neutral"
"1997.63","10.8","100.59","12.42","neutral"
"2017.06","10.49","101.7","12.96","neutral"
"2012.26","10.86","102.37","11.91","neutral"
"1994.96","10.89","101.5","12.03","up"
"2002","10.88","102.02","11.36","neutral"
"2008.56","11.46","102.61","11.51","neutral"
"1995.48","11.63","102.44","11.68","neutral"
"1990.04","11.52","104.07","11.57","neutral"
"2011.8","11.45","103.74","11.4","neutral"
"2014.67","11.6","104.35","11.58","neutral"
"2011.65","12.09","104.28","11.87","neutral"
"1990.85","11.7","104.11","12.08","neutral"
"1993.59","11.37","102.72","11.68","neutral"
"2001.55","11.47","103.58","10.73","neutral"
"1989.49","10.95","102.71","11.15","neutral"
"1992.03","11.48","102.47","10.99","neutral"
"1968.07","11.01","102.66","11.6","up"
"1974.92","10.77","102.64","12.56","up"
"1994.35","10.95","102.48","12.18","neutral"
"1981.77","10.86","102.66","12.65","neutral"
"1995.05","11.08","104.41","12.06","neutral"
"1988.51","11.48","104.35","10.61","neutral"
"2002.21","11.25","104.4","10.62","neutral"
"1999","10.98","106.53","10.85","neutral"
"2015.28","10.85","106.91","10.98","neutral"
"2010.97","10.66","106.9","12.13","down"
"2009.66","10.78","106.36","11.59","down"
"2005.12","10.61","105.97","11.63","down"
"2006.66","10.99","106.43","11.26","down"
"2000.5","11.1","107.26","11.57","down"
"2002.84","11.3","106.17","11.15","down"
"1988.74","10.93","106.03","10.82","down"
"1993.88","10.39","106.5","10.32","down"
"2012.72","10.47","105.84","11.33","down"
"2013.48","10.47","105.74","11.98","down"
"2020.9","10.76","105.37","11.65","down"
"2019.42","10.95","105.34","12.59","down"
"2018.5","10.82","104.48","12.08","down"
"2028.93","10.86","104.06","11.82","down"
"2028.32","10.85","103.76","11.96","down"
"2026.62","10.88","103.53","11","down"
"2033.85","11.69","103.4","14.54","down"
"2048.81","12.18","102.29","12.06","down"
"2061.97","13.49","102.93","12.81","down"
"2082.61","12.69","100.83","12.24","down"
"2076.12","13.08","100.91","11.52","down"
"2073.1","13.19","99.96","11.84","down"
"2080.42","12.42","101.2","12.69","down"
"2066.26","12.09","103.19","12.56","down"
"2060.73","11.54","103.13","13.28","down"
"2054.51","12.9","104.59","13.33","down"
"2031.1","12.39","104.42","16.95","down"
"2039.37","12.51","103.12","17.03","down"
"2041.47","12.92","102.07","15.12","down"
"2062.36","12.57","102.09","16.87","down"
"2063.22","12.27","101.67","16.37","down"
"2053.13","11.47","100.97","16.66","down"
"2071.14","11.45","100.27","15.77","down"
"2072.78","12.05","98.17","14.23","down"
"2044.21","11.3","97.88","14.13","down"
"2056.7","11.53","98.29","12.9","down"
"2060.89","10.99","97.38","12.42","down"
"2068.05","10.84","96.92","13.15","down"
"2074.93","10.79","97.34","12.32","down"
"2075.76","10.86","97.65","12.21","down"
"2068.54","11.19","98.08","11.78","down"
"2067.86","11.25","97.37","11.76","down"
"2051.58","11.17","97.59","11.47","down"
"2051.2","11.24","95.58","11.7","down"
"2056.26","11.65","97.35","11.63","down"
"2049.41","11.99","96.41","11.78","down"
"2034.16","11.17","94.48","12.05","down"
"2041.86","11.93","96.07","11.98","down"
"2035.82","12.05","93.96","12.25","down"
"2042.92","12.15","93.65","12.36","down"
"2062.61","12.2","93.35","12.64","down"
"2047.74","11.65","93.86","12.09","down"
"2053.82","12.34","93.88","12.66","down"
"2039.27","12.14","94.55","13.5","down"
"2028.91","12.13","95.96","12.88","down"
"2035.64","12.15","95.83","12.8","down"
"2034.11","12.3","92.88","13.31","down"
"2031.64","12.62","95.54","14.12","down"
"2026.6","12.69","94.45","12.73","down"
"2020.09","13.16","93.29","12.65","down"
"1991.54","14.25","92.66","12.03","down"
"1976.16","13.21","92.75","12.11","down"
"1968.39","12.98","91.67","13.69","down"
"1972.91","13.37","92.83","14.93","down"
"1965.25","15.35","92.27","13.27","down"
"1940.92","15.74","92.92","15.64","down"
"1927.21","16.38","94.88","14.85","down"
"1929.25","15.71","94.42","15.98","down"
"1925.91","17.07","93.07","16.31","down"
"1918.83","18.65","92.41","16.71","neutral"
"1900.66","16.17","91.52","16.16","neutral"
"1930.06","15.99","91.56","14.55","down"
"1915.28","14.89","92.8","15.46","down"
"1936.97","14.55","92.53","17.2","down"
"1931.65","14.7","93.54","15.11","down"
"1925.69","14.32","94.57","18.76","down"
"1931.97","14.01","91.16","21.24","down"
"1925.68","13.51","90.73","24.64","neutral"
"1961.17","13.41","91.01","22.79","down"
"1958.93","13.99","89.74","26.25","down"
"1964.43","14.45","90.34","25.2","down"
"1952.97","14.86","88.85","21.99","neutral"
"1935.19","14.44","87.31","18.57","neutral"
"1931.43","14.35","85.77","16.08","neutral"
"1936.48","14.29","85.82","17.87","neutral"
"1939.87","13.98","85.74","16.53","neutral"
"1958.23","13.73","81.84","16.11","down"
"1963","13.73","81.78","16.04","down"
"1967.27","14.23","82.7","14.39","down"
"1960.51","13.55","82.75","15.15","down"
"1945.14","13.57","82.71","14.52","neutral"
"1943.63","13.01","82.81","14.03","down"
"1967.01","13","80.52","14.73","down"
"1966.87","12.89","82.09","14.89","down"
"1958.04","12.63","81.01","14.17","neutral"
"1964.84","12.32","81","13.67","neutral"
"1978.54","12.03","81.42","13.12","down"
"1980.21","12.02","82.2","12.67","neutral"
"1980.84","11.7","81.12","12.92","neutral"
"1982.09","11.59","80.54","13.02","neutral"
"1980.78","12.07","78.78","13.79","neutral"
"1965.22","11.83","77.19","13.31","neutral"
"1965.83","11.49","78.68","13.99","neutral"
"1969.91","12.16","77.91","13.86","neutral"
"1986.61","12.29","78.65","13.96","neutral"
"1986.62","12.67","77.4","13.58","neutral"
"1978.95","12.33","77.94","12.9","neutral"
"1970.95","13.65","77.18","12.62","neutral"
"1945.56","14.43","74.21","12.25","neutral"
"1916.59","13.39","75.82","12.07","neutral"
"1921.71","13.92","75.64","13.33","neutral"
"1920.36","14.96","74.61","14.29","up"
"1904.13","15.86","74.58","12.85","up"
"1900.16","15.21","75.58","12.47","up"
"1897.5","13.47","76.51","12.38","up"
"1929.98","12.9","75.78","11.82","up"
"1943.12","12.77","74.09","14.21","up"
"1939.02","12.43","73.69","14.89","up"
"1946.61","12.32","68.55","18.53","neutral"
"1948.16","12.91","66.15","20.08","neutral"
"1927.86","12.97","69","21.08","up"
"1915.59","12.5","66.88","20.42","up"
"1926.44","12.41","67.38","23.57","up"
"1915.75","13.88","66.81","19.44","up"
"1882.45","13.72","65.84","16.81","up"
"1883.83","13.36","63.05","16.49","up"
"1904.65","12.87","63.82","15.25","up"
"1924.7","13.36","60.94","14.8","up"
"1920.95","13.34","59.95","14.37","up"
"1917.14","13.86","57.81","14.5","up"
"1913.66","13.61","55.91","15.06","up"
"1914.14","14.61","55.93","15.92","up"
"1888.13","14.08","56.47","19.2","up"
"1902.62","13.85","54.11","17.79","up"
"1918.31","13.85","56.52","19.92","up"
"1921.23","13.9","55.26","21.12","up"
"1920.82","13.2","57.12","19.31","up"
"1936.09","13.77","55.84","17.01","up"
"1935.68","13.25","55.92","17.55","up"
"1952.4","13.5","54.73","19.6","up"
"1961.58","13.84","53.61","20.56","up"
"1951.02","13.67","54.12","21.48","up"
"1949.26","14.11","53.27","22.39","up"
"1952.68","13.67","54.56","20.95","up"
"1951.96","13.14","52.69","19.89","up"
"1962.79","13.34","50.04","18.85","up"
"1952.84","13.06","47.93","16.4","up"
"1955.52","12.98","48.65","16.66","up"
"1947","13.12","48.79","15.52","up"
"1935.86","12.98","48.36","17.22","up"
"1945.7","12.74","46.07","20.44","up"
"1941.63","11.58","45.89","18.76","up"
"1957.5","11.64","48.48","20.97","up"
"1958.23","11.69","46.25","19.43","up"
"1961.45","11.86","48.69","17.33","up"
"1968.39","11.78","48.85","18.33","up"
"1976.12","11.43","47.78","16.85","up"
"1990.47","11.35","46.39","17.29","up"
"1993.08","11.11","47.78","18.55","up"
"1985.8","11.13","46.31","17.23","up"
"1996.81","10.82","45.59","16.96","up"
"2001.38","10.84","45.15","15.34","up"
"1998.29","10.9","46.23","14.69","up"
"1998.38","10.78","44.45","15.8","up"
"2012.94","11.68","44.53","15.45","neutral"
"1992.82","11.83","48.24","15.29","up"
"1984.77","12.37","49.57","14.3","up"
"1980.83","12.73","53.05","14.56","up"
"1970.59","11.45","48.45","13.69","up"
"1985.79","11.56","50.48","13.84","neutral"
"1987.33","11.56","51.69","13.91","neutral"
"2029.91","12.22","52.86","13.34","neutral"
"2028.45","11.38","50.02","13.04","neutral"
"2037.89","11.17","48.84","13.86","down"
"2037.24","11.67","51.21","14.23","down"
"2036.59","11.6","52.78","14.04","neutral"
"2041.37","11.71","54.06","15.2","neutral"
"2042.81","11.76","53.61","15.06","neutral"
"2022.56","11.31","53.53","16.69","neutral"
"2019.8","11.34","52.14","16.87","neutral"
"2030.04","11.09","51.16","15.42","neutral"
"2041.03","11.36","50.34","16","neutral"
"2028.45","11.28","49.45","15.61","neutral"
"2029.07","11.02","49.28","15.66","neutral"
"2045.42","10.92","50.99","13.97","neutral"
"2046.43","10.95","48.17","14.07","neutral"
"2047.03","11.29","49.76","13.02","neutral"
"2059.26","11.12","49.59","13.41","down"
"2058.87","11.37","50.52","13.62","down"
"2087.76","12.05","51.53","15.44","down"
"2098.92","12.09","50.76","15.8","down"
"2111.72","11.96","49.61","15.07","down"
"2119.96","12.5","50","14.51","down"
"2139.9","12.29","48.29","15.29","down"
"2143.5","12.61","48.17","15.11","down"
"2146.71","12.03","47.05","14.67","down"
"2144.79","12.32","44.84","14.74","down"
"2143.89","13.52","43.88","14.78","down"
"2173.41","13.1","43.46","13.98","down"
"2159.8","13.21","44.66","13.09","down"
"2157.54","12.48","43.96","12.58","down"
"2147.67","12.26","45.72","13.94","down"
"2142.63","11.76","47.45","13.67","down"
"2127.17","12.1","47.51","12.84","down"
"2132.23","12.4","49.21","12.6","down"
"2104.58","12.13","51.43","13.89","down"
"2091","12.54","48.87","13.3","down"
"2085.52","12.71","48.68","13.25","down"
"2097.38","12.72","47.6","12.71","down"
"2096.77","13.06","50.09","12.48","down"
"2114.16","12.76","49.14","12.29","down"
"2120.33","12.14","49.14","13.12","down"
"2106.5","11.62","52.14","12.41","down"
"2113.72","11.39","53.98","13.39","down"
"2120.85","11.59","50.42","14.55","down"
"2139.54","11.64","50.79","12.7","down"
"2122.81","11.62","51.64","12.85","down"
"2146.1","12.36","51.91","14.31","down"
"2143.5","13.1","53.29","15.15","down"
"2107.5","12.84","56.39","15.13","down"
"2110.89","12.59","56.71","12.86","down"
"2114.8","13.3","55.74","13.85","down"
"2102.37","13.38","56.38","13.86","down"
"2078.64","13.9","55.26","13.76","down"
"2063.16","14.52","56.16","12.74","down"
"2072.86","14.44","57.74","12.38","down"
"2068.1","15","57.15","12.73","down"
"2065.19","15.54","56.99","12.85","down"
"2064.03","15.26","57.06","12.88","down"
"2051.32","13.82","58.58","12.11","down"
"2056.61","13.3","59.63","12.13","down"
"2052.17","13.96","59.15","14.06","down"
"2042.32","14.24","58.93","13.27","down"
"2028.72","14.36","60.4","13.31","down"
"2034.86","14.2","60.93","13.84","down"
"2041.88","13.9","58.94","13.97","down"
"2046.96","14.24","59.39","14.24","down"
"2055.16","13.1","59.25","13.66","down"
"2081.2","12.72","60.75","14.71","down"
"2085.53","12.83","60.5","14.21","down"
"2085.06","12.66","59.88","15.29","down"
"2090.26","14.69","59.69","14.47","down"
"2060.49","14.45","59.43","13.22","down"
"2074.2","13.6","57.26","12.85","down"
"2097.89","13.13","58.98","13.78","down"
"2107.33","13.75","60.72","15.39","down"
"2104.41","15.4","59.72","14.81","down"
"2053.93","14.51","59.92","14.5","down"
"2040.29","15.65","59.85","13.19","down"
"2016.21","14.92","58.03","13.96","down"
"2027.81","15.41","57.51","12.74","down"
"2031.17","14.92","57.68","12.11","down"
"2061.52","14.18","60.3","13.26","down"
"2059.23","13.4","60.2","14.01","down"
"2072.91","12.68","61.26","14.02","down"
"2087.89","12.88","59.64","18.85","down"
"2076.79","13.24","58","18.23","down"
"2073.31","13.17","59.13","16.09","down"
"2083.62","13.47","58.14","16.79","down"
"2064.73","13.13","60.14","17.01","down"
"2065.07","13.26","61.43","16.09","down"
"2045.96","13.78","60.77","19.66","down"
"2038.81","14.09","59.96","19.97","neutral"
"2039.1","13.65","59.52","16.83","neutral"
"2037.62","13.85","59.97","13.9","neutral"
"2019.03","13.54","59.92","13.37","neutral"
"2030.16","14.03","60.45","13.23","neutral"
"2008.49","13.32","59.61","12.11","neutral"
"2027.99","12.97","59.68","11.95","neutral"
"2029.76","13.67","61.01","12.25","neutral"
"2013.29","13.51","60.27","12.22","neutral"
"2010.23","13.7","59.7","12.12","neutral"
"2003.17","13.85","59.63","12.64","neutral"
"1986.65","14.53","58.33","13.74","neutral"
"1975.47","13.93","59.47","15.6","neutral"
"1983.46","14.34","56.96","13.44","neutral"
"1968.52","14.13","56.93","12.5","neutral"
"1956.26","14.57","55.52","12.13","neutral"
"1939.38","14.92","52.53","12.12","neutral"
"1914.55","18.51","52.33","12.56","neutral"
"1876.07","28.58","51.65","13","up"
"1829.81","28.05","52.78","12.51","up"
"1846.63","22.99","52.74","13.77","up"
"1894.09","20.33","52.2","13.39","up"
"1908","18.34","53.04","12.23","up"
"1937.67","19.75","51.41","13.71","neutral"
"1941.49","22.09","50.91","13.61","up"
"1914.23","22.4","50.89","13.49","up"
"1915.22","20.41","50.15","12.83","up"
"1915.53","22.74","50.36","13.02","up"
"1886.04","24.14","49.19","13.79","up"
"1883.22","21.34","48.45","15.25","up"
"1878.68","18.01","48.14","19.14","up"
"1934.2","20.75","47.39","28.03","neutral"
"1962.11","19.86","47.98","40.74","down"
"1941.37","21.88","48.79","36.02","neutral"
"1931.46","22.03","48.52","30.32","neutral"
"1937.56","21.23","47.12","26.1","neutral"
"1975.45","20.76","45.17","26.05","down"
"1976.49","17.5","45.74","28.43","down"
"1995.95","19.91","45.15","31.4","down"
"1964.68","18.31","44.66","26.09","neutral"
"1982.06","19.71","43.87","25.61","down"
"1944.64","19.52","44.96","27.8","neutral"
"1947.1","19.56","43.08","24.9","neutral"
"1942.85","20.48","43.3","26.23","neutral"
"1962.81","18.44","42.23","24.37","neutral"
"1979.32","18.47","42.5","23.2","down"
"1969.68","17.69","41.87","24.25","down"
"1978.25","17.06","42.62","22.54","down"
"1990.65","15.89","40.8","21.35","down"
"2005.84","15.97","41.14","21.14","down"
"2019.53","16.2","40.45","22.28","down"
"2021.63","15.96","38.24","20.14","down"
"2019.05","16.49","39.31","22.44","down"
"2009.55","15.92","38.6","22.13","down"
"2033.27","15.84","42.56","23.47","down"
"2030.26","16.31","45.22","23.62","down"
"2030.27","15.49","49.2","27.63","down"
"2039.36","14.41","45.41","26.83","down"
"2042.98","14.5","46.25","24.5","down"
"2023","13.94","46.75","22.55","down"
"2040.4","14.22","46.05","20.94","down"
"2048.08","14.3","45.72","19.54","down"
"2044.65","14.69","44.7","19.4","down"
"2042.51","14.7","45.94","18.4","down"
"2034.16","14.22","44.15","17.42","down"
"2029.47","14.6","45.92","17.08","down"
"2035.24","13.52","44.63","16.17","down"
"2048.4","13.68","44","17.67","down"
"2052.77","13.69","44.59","18.03","down"
"2049.41","13.98","47.15","16.05","down"
"2041.07","14.04","46.9","15.05","down"
"2025.7","15.36","44.68","14.98","down"
"1996.59","14.68","46.68","15.75","down"
"1997.27","14.79","45.83","16.7","down"
"1993.36","14.9","44.48","14.45","down"
"1973.29","16.77","44.91","14.46","down"
"1943.02","14.99","45.7","15.29","down"
"1963.58","14.97","44.43","15.43","down"
"1962.88","13.68","45.23","14.33","down"
"1988.91","13.38","45.09","14.61","down"
"1989.86","13.09","44.74","15.07","down"
"2003.7","12.57","45.54","14.15","down"
"2016.29","12.58","46.26","14.54","down"
"2009.42","12.67","48.53","15.51","down"
"2030.68","12.86","47.81","15.05","down"
"2028.99","14.37","49.43","14.33","down"
"1991.97","13.65","49.63","16.52","down"
"2023.93","13.92","47.1","15.29","down"
"2009.29","14.86","46.66","16.06","down"
"1994.07","15.44","46.64","18.37","down"
"1974.4","15.06","46.38","20.08","down"
"1963.67","15.73","47.26","18.16","down"
"1949.04","15.66","45.89","18.84","neutral"
"1948.24","15.88","45.55","16.85","neutral"
"1952.07","15.39","45.2","16.99","neutral"
"1948.62","17.14","45.38","15.47","neutral"
"1927.82","17.59","44.6","15.62","neutral"
"1932.97","16.27","43.98","15.93","neutral"
"1969.4","14.34","43.2","15.19","neutral"
"1977.96","14.16","45.94","15.12","neutral"
"1975.32","15.24","46.06","16.13","neutral"
"1981.19","14.63","46.59","14.67","neutral"
"1992.56","13.33","46.14","15.91","down"
"1999.22","13.37","47.9","18.11","down"
"1990.65","14.54","46.32","14.81","down"
"1964.06","13.9","45.2","15.84","neutral"
"1966.31","14.18","44.29","17.6","neutral"
"1961.31","16.25","43.87","19.61","neutral"
"1918.76","15.92","44.21","19.34","neutral"
"1930.53","16.63","42.93","24.39","neutral"
"1925.43","19.02","41.75","22.73","neutral"
"1904.33","17.82","40.74","20.95","neutral"
"1917.62","20.06","41.74","17.86","neutral"
"1894.84","20.48","40.67","18.94","up"
"1890.86","18.05","40.75","20.7","up"
"1916.28","19.06","40.54","18.7","neutral"
"1900.01","20.7","40.39","16.6","up"
"1878.87","21.22","41.75","15.57","up"
"1878.45","20.01","42.87","15.74","up"
"1889.64","24.04","43.04","16.91","up"
"1845.45","24.15","42.59","16.08","up"
"1840.53","20.23","41.71","17.29","up"
"1879.43","19.11","41.65","18.21","up"
"1893.43","20.41","41.85","20.7","up"
"1871.69","19.19","39.94","19.34","up"
"1897.87","18.77","41.08","20.59","up"
"1906.94","17.93","39.97","24.99","up"
"1912.06","17.41","37.65","27.01","up"
"1924.82","17.38","37.51","24.3","neutral"
"1906.6","18.43","37.16","22.47","up"
"1890.67","16.74","36.76","25.22","up"
"1916.26","18.15","35.62","23.95","neutral"
"1917.79","22.55","36.31","27.02","neutral"
"1861.54","23.47","37.35","26.05","up"
"1835.28","21.1","35.52","27.59","up"
"1862.2","19.08","34.95","26.69","up"
"1888.3","18.55","34.73","22.34","up"
"1883.94","17.33","34.74","24.15","up"
"1908.84","17.12","36.14","22.5","neutral"
"1916.24","16.9","37.5","23.11","neutral"
"1916.36","16.61","38.1","22.42","neutral"
"1914.22","17.13","36.81","20.2","neutral"
"1912.53","16.95","37.87","19.98","neutral"
"1918.57","16.82","36.6","21.98","neutral"
"1920.16","17.56","37.04","21.65","neutral"
"1916.66","15.31","36.76","21.84","neutral"
"1947.42","14.33","35.97","23.38","neutral"
"1958.17","14.11","33.97","26","neutral"
"1955.63","13.96","33.27","26.54","neutral"
"1957.87","14.08","33.16","26.29","neutral"
"1946.12","14.24","31.41","28.14","neutral"
"1952.95","13.63","30.44","25.4","neutral"
"1969.33","13.52","30.48","24.11","neutral"
"1971.41","13.9","31.2","22.31","neutral"
"1972.27","13.97","29.42","21.64","neutral"
"1969.97","14.13","29.75","20.53","neutral"
"1974.9","13.26","30.02","19.38","down"
"1987.99","12.94","28.46","20.98","down"
"1992.12","13.51","26.55","20.72","down"
"1989.76","12.68","29.53","19.11","down"
"1996.81","12.71","32.19","19.81","down"
"1995.12","12.64","30.34","20.55","down"
"1985.97","12.28","31.45","17.7","neutral"
"1983.81","12.78","32.3","17.09","neutral"
"1982.54","12.3","33.22","16.7","down"
"1994.91","11.9","33.62","16.86","down"
"2002.14","12.33","31.62","17.35","down"
"1995.85","13.56","29.88","18.67","down"
"1973.57","13.25","32.28","18.34","neutral"
"1978.97","13.83","31.72","18.05","neutral"
"1962.74","13.31","30.89","16.5","neutral"
"1971.32","13.06","29.69","16.92","neutral"
"1973.89","13.07","27.94","16.84","down"
"1972.05","13.35","27.45","14.99","neutral"
"1970.37","12.51","26.21","14.44","down"
"1981.32","12.48","29.44","14.02","neutral"
"2015.93","12.11","29.08","13.79","down"
"2014.71","12.93","30.6","14.17","down"
"2009.1","12.42","29.04","14.94","neutral"
"2011.36","12.73","30.66","14.74","neutral"
"2005.83","12.19","30.77","15.24","neutral"
"2022.1","12.33","29.64","13.82","down"
"2015.49","12.83","31.48","13.56","neutral"
"2014.55","12.49","31.87","13.95","neutral"
"2019.63","12.74","32.15","13.1","down"
"2015.4","12.74","33.07","14.12","neutral"
"2000.93","12.42","32.78","15.42","neutral"
"1994.15","12.78","33.75","14.09","neutral"
"1978.15","12.51","34.4","16.16","neutral"
"1986.41","12.82","34.66","15.36","neutral"
"1976.71","13.14","34.57","16.26","neutral"
"1967.81","12.61","35.92","14.85","neutral"
"1982.5","12.79","37.9","13.84","neutral"
"1980.1","12.05","36.5","13.72","neutral"
"1977.49","11.93","38.29","13.62","neutral"
"1966.99","11.84","37.84","13.35","neutral"
"1967.91","11.7","38.5","13.24","up"
"1968.06","11.99","37.18","13.28","up"
"1956.73","12.08","36.34","13.95","up"
"1946.78","12.1","38.46","13.22","up"
"1947.67","12.46","40.2","14.08","up"
"1955.25","12.8","39.44","13.96","up"
"1937.68","11.91","39.91","13.77","up"
"1960.51","11.71","41.45","15.22","up"
"1957.06","11.55","39.79","15.7","up"
"1969.17","11.92","39.46","14.68","up"
"1967.13","11.81","39.39","15.6","up"
"1983.4","11.67","38.28","16.05","neutral"
"1982.72","11.6","38.32","15.91","neutral"
"1985.11","11.81","38.34","14.72","neutral"
"1985.84","12.3","36.79","14.57","neutral"
"2011.63","12.19","35.7","13.63","neutral"
"2027.08","12.08","35.89","14.69","neutral"
"2024.17","11.87","37.75","14.41","neutral"
"2017.63","15.08","37.26","15.04","neutral"
"1979.06","16.1","39.72","14.68","up"
"1972.03","16.21","40.36","15.57","up"
"1968.83","17.44","42.17","15.95","up"
"1951.99","17.73","41.76","16.33","up"
"1953.4","16.4","41.5","15.2","neutral"
"1981.12","16.1","40.36","15.82","neutral"
"1982.7","16.71","39.78","14.42","neutral"
"1992.58","18.17","41.08","13.9","neutral"
"1986.71","22.53","42.63","13.43","neutral"
"1925.24","19.47","43.18","13.12","up"
"1926.85","17.39","43.73","14.19","up"
"1936.22","14.67","42.64","14.2","up"
"1956.36","13.9","44.04","13.63","up"
"1970.35","12.91","45.33","13.47","up"
"1987.32","12.38","46.03","13.65","up"
"1995.3","12.8","45.92","14.05","neutral"
"1989.85","14.68","44.78","14.08","neutral"
"1953.12","13.85","43.65","14.64","up"
"1974.08","14.74","43.78","17.03","up"
"1963.1","14.08","44.32","20.97","up"
"1988.54","14.33","44.66","20.5","neutral"
"1991.23","14.41","43.44","20.14","neutral"
"2005.55","13.95","44.66","19.37","neutral"
"2008.77","13.35","46.23","19.41","neutral"
"2017.26","13.43","46.7","18.37","neutral"
"2021.11","13.49","46.21","18.48","neutral"
"2016.89","13.04","47.72","21.17","neutral"
"2015.46","12.84","48.31","17.25","neutral"
"2012.22","12.85","48.19","25.76","neutral"
"2010.34","13.02","48.16","23.85","neutral"
"2012.32","12.64","47.75","18.75","neutral"
"2027.34","12.88","48.08","16.64","neutral"
"2025.05","12.68","48.62","15.63","down"
"2021.1","12.6","49.56","14.77","neutral"
"2016.19","12.59","49.48","15.58","neutral"
"2029.61","12.58","49.33","14.96","down"
"2019.03","13.14","49.58","14.76","down"
"1994.79","12.72","49.51","13.2","down"
"2000.03","12.56","49.1","13.54","down"
"2017.94","12.24","49.01","13.55","down"
"2031.12","11.47","49.17","13.04","down"
"2043.78","11.68","48.62","12.82","down"
"2044.64","11.38","49.69","12.67","down"
"2048.8","11.2","50.36","12.44","down"
"2050.47","11.9","51.23","11.97","down"
"2047.76","11.82","50.56","11.77","down"
"2043.75","11.64","49.07","12.74","down"
"2055.47","11.73","48.88","12.02","down"
"2056.24","12.35","48.49","12.87","down"
"2042.16","11.87","48.01","13.05","down"
"2049.93","12.03","46.21","12.83","down"
"2043.76","11.92","47.98","12.72","down"
"2042.92","12.01","49.37","11.87","down"
"2037.5","11.98","48.85","12.44","down"
"2032.35","11.49","49.13","13.37","down"
"2039.74","11.56","50.11","12.86","down"
"2034.65","11.65","47.64","12.42","down"
"2032.72","11.75","46.33","11.39","down"
"2038.31","11.44","47.85","11.5","down"
"2060.08","10.84","49.88","11.66","down"
"2066.53","11.08","48.33","12.05","down"
"2061.88","11.13","48.99","11.68","down"
"2063.73","11.56","49.01","11.55","down"
"2037.87","16.47","48.65","11.81","down"
"1991.48","15.71","46.6","12.64","neutral"
"1999.36","14.01","47.43","12.19","neutral"
"2015.78","13.96","45.14","11.43","neutral"
"2025.71","14.04","45.41","11.34","neutral"
"2035.99","12.23","44.76","12.27","neutral"
"2049.7","11.88","46.8","12.38","down"
"2054.07","12.68","44.75","13.45","down"
"2047.11","12.54","45.68","13.63","down"
"2062.82","12.79","45.95","13.65","down"
"2053.06","12.33","45.24","12.94","down"
"2068.72","14.11","44.65","13.12","down"
"2043.63","13.88","44.94","13.42","down"
"2054.86","13.94","44.75","13.48","down"
"2053","13.83","44.19","11.98","down"
"2065.3","14.24","43.13","12.02","down"
"2053.8","14.47","42.92","11.94","down"
"2056.82","15.46","41.92","12.51","down"
"2031.93","14.75","41.14","17.5","neutral"
"2033.73","15.19","41.6","15.16","neutral"
"2015.44","14.11","40.06","17.85","neutral"
"2022.66","14.55","39.51","18.14","neutral"
"2027.61","13.92","40.83","16.3","neutral"
"2040.43","13.65","41.93","15.37","neutral"
"2040.94","13.35","41.8","15.53","neutral"
"2040.6","13.18","43.02","15.92","neutral"
"2033","12.8","42.77","13.3","neutral"
"2047.74","12.62","41.71","12.02","neutral"
"2037.17","13.39","43.49","12.29","neutral"
"2013.89","13.08","44.49","14.5","neutral"
"2024.12","13.23","45.74","13.1","neutral"
"2019.42","14.61","46.58","12.39","neutral"
"2008.19","14.79","46.79","14.02","neutral"
"2007.39","17.25","48.22","13.29","neutral"
"1978.94","16.94","48.52","13.57","up"
"1983.8","18.41","47.05","13.63","up"
"1982.02","17.7","48.1","12.99","up"
"1997.58","16.52","46.77","12.84","neutral"
"2003.38","19.26","47.33","13.48","neutral"
"1958.38","14.23","47.64","13.38","up"
"2002.6","15.04","46.98","15.36","neutral"
"1984.43","16.74","46.35","15.91","up"
"1974.4","16.23","44.7","16.69","up"
"1967.53","14.93","43.16","16.12","up"
"1979.65","14.08","44.44","16.21","up"
"1980.55","13.71","44.11","15.28","up"
"1974.58","13.86","45.07","14.41","up"
"1966.05","12.85","44.83","13.75","up"
"1983.47","12.25","45.5","13.34","up"
"1987.95","12.42","47.62","13.02","up"
"1971.26","12.51","45.88","13.46","up"
"1974.46","12.78","46.29","14.24","up"
"1978.13","12.96","44.9","15.36","up"
"1978.39","12.8","43.58","16.19","up"
"1983.48","12.94","43.91","17.06","up"
"1983.75","13.49","43.03","18.56","up"
"1970.61","13.16","43.3","19.32","up"
"1963.36","12.29","43.44","22.08","up"
"1989.86","11.68","45.34","22.51","up"
"1991.89","11.68","46.32","18.71","up"
"2031.07","11.84","44.48","18.74","neutral"
"2024.69","11.85","45.93","14.38","neutral"
"2027.24","11.39","44.67","14.74","neutral"
"2035.98","11.31","47.05","14.17","neutral"
"2036.87","11.04","47.83","14.48","up"
"2036.65","10.92","48.24","13.37","up"
"2042.24","11.28","48.81","13.72","up"
"2038.39","11.03","48.69","13.35","up"
"2041.94","11.08","49.83","12.85","up"
"2037.96","11.09","50.44","12.42","up"
"2035.73","11.09","49.81","12.41","up"
"2035.9","11.37","51.35","12.43","up"
"2037.75","11.5","50.79","12.34","up"
"2042.17","11.22","50.18","13.15","up"
"2024.49","11.51","50.44","12.9","up"
"2026.46","11.68","50.35","13.33","up"
"2026.16","11.24","49.94","14.07","up"
"2043.97","10.9","50.29","14.12","up"
"2045.64","11.12","51.6","12.14","up"
"2041.95","11","50.43","11.79","up"
"2049.12","11.13","50.85","12.22","up"
"2048.78","10.97","50.52","12.64","up"
"2045.12","11.39","49.96","11.75","up"
"2075.17","12.03","49.18","12.64","neutral"
"2087.14","10.96","49.72","12.72","neutral"
"2076.79","11.8","48.7","13.19","neutral"
"2064.17","11.81","46.86","12.79","up"
"2071.87","12.25","46.67","12.2","neutral"
"2070.54","12.56","45.34","11.71","neutral"
"2072.79","12.72","44.66","11.45","neutral"
"2065.61","12.91","44.07","11.27","neutral"
"2065.99","12.49","44.89","11.43","up"
"2065.76","12.12","44.98","11.44","up"
"2066.94","11.59","45.27","11.99","up"
"2083.59","12.53","44.66","12.95","up"
"2067.57","12.1","43.41","13.37","up"
"2080.48","12.21","43.32","14.04","up"
"2071.01","11.93","45.81","12.85","up"
"2073.16","11.96","45.57","11.85","up"
"2077.66","11.71","45.42","11.67","up"
"2075.21","11.31","45.69","11.32","up"
"2065.08","10.92","47.49","11.56","up"
"2065.88","10.39","48.03","11.49","up"
"2075.08","10.49","47.96","11.26","up"
"2078.65","10.47","47.98","11.54","up"
"2074.57","10.19","46.06","11.23","up"
"2083.86","10.14","47.08","11.87","up"
"2081.84","10.02","45.23","12.48","up"
"2080.58","10.17","49.44","12.78","up"
"2084.39","10","51.06","11.54","up"
"2102.93","9.72","51.68","11.77","up"
"2106.61","9.79","51.79","11.07","up"
"2107.63","10.19","50.93","10.81","up"
"2094.12","10.62","49.77","10.63","up"
"2085.52","10.64","50.84","10.58","up"
"2091.64","10.55","51.5","11.88","up"
"2102.65","10.97","52.83","11.99","up"
"2078.75","11.28","52.98","11.81","up"
"2081.36","11.19","51.04","11.93","up"
"2094.05","11.3","50.9","10.97","up"
"2095.41","11.96","51.9","11.37","up"
"2091.06","10.67","52.12","11.29","up"
"2097.35","10.7","52.23","11.45","up"
"2117.59","11.11","52.49","10.88","up"
"2133.78","11.38","52.95","10.85","up"
"2133","11.27","53.02","11.07","up"
"2150.08","11.25","53.19","10.74","up"
"2164.58","11.74","53.9","11.97","up"
"2157.01","12.64","54.06","11.76","up"
"2178.38","13.16","53.77","11.49","up"
"2168.3","12.75","53.72","11.57","up"
"2172.72","12.36","54.03","11.74","up"
"2168.95","12.97","52.33","11.71","up"
"2155.66","12.25","53.26","11.47","up"
"2163.31","11.55","53.76","12.09","up"
"2166.98","11.2","53.99","12.92","up"
"2164.64","11.06","51.96","12.54","up"
"2160.23","11.01","50.82","11.81","up"
"2167.51","10.94","52.25","10.96","up"
"2161.1","11.1","53.01","11.24","up"
"2160.85","11.82","52.37","11.45","up"
"2152.75","12.63","52.45","11.86","up"
"2151.73","14.77","52.52","12.3","up"
"2133.32","16.68","52.48","11.66","up"
"2123.85","15.75","51.08","11.35","up"
"2128.91","14.53","51.37","12.3","up"
"2148.61","16.4","52.42","11.63","up"
"2134.88","15.81","52.75","11.21","up"
"2145.76","15.38","53.18","11.28","up"
"2148.46","14.87","52.75","11.34","up"
"2138.4","13.3","53.78","12.47","up"
"2149.15","12.89","53.17","12.81","up"
"2165.04","12.77","52.63","13.12","up"
"2173.74","12.02","52.81","12.96","up"
"2196.85","12.18","53.88","12.5","up"
"2207.84","11.82","53.54","11.53","up"
"2209.46","12.27","53.83","11.42","up"
"2205.44","13.18","53.01","11.54","up"
"2219.67","13.77","52.17","12.37","up"
"2241.24","15.74","52.34","12.38","up"
"2292.76","16.15","53","11.79","up"
"2270.12","14.72","53.86","12.89","up"
"2296.37","12.32","52.93","12.39","up"
"2286.02","12.89","53.2","12.87","up"
"2290.65","12.51","53.11","14.05","up"
"2295.33","12.83","53.36","15.07","neutral"
"2293.08","13.18","53.4","15.77","neutral"
"2286.82","12.88","53.79","15.96","neutral"
"2288.48","12.79","53.97","14.66","neutral"
"2304.03","12.88","54.06","14.42","neutral"
"2311.74","12.95","53.59","14.93","neutral"
"2317.34","13.56","54.45","14.15","neutral"
"2342.93","13.51","53.99","14.63","neutral"
"2355.3","14.02","54.05","10.84","neutral"
"2352.97","13.6","54.01","10.76","neutral"
"2343.68","13.18","53.83","10.85","neutral"
"2347.38","12.77","52.61","10.36","neutral"
"2344.61","12.68","53.33","10.82","neutral"
"2371.72","12.97","53.2","10.11","down"
"2368.62","12.89","53.14","10.59","neutral"
"2360.14","12.12","50.28","10.68","neutral"
"2363.57","11.43","49.28","10.46","down"
"2381.69","12.09","48.49","10.57","down"
"2357.87","11.54","48.4","9.77","down"
"2374.7","11.63","47.72","9.96","down"
"2372.64","11.71","48.86","10.21","down"
"2361.65","11.46","48.75","10.6","down"
"2361.83","11.74","48.78","10.4","down"
"2370.9","11.71","48.22","10.42","down"
"2369.23","11.63","47.34","10.65","down"
"2357.53","11.18","48.04","15.59","neutral"
"2370.37","11.31","47.7","14.66","neutral"
"2378.6","11.87","47.97","12.04","neutral"
"2388.66","11.74","47.73","10.93","neutral"
"2391.95","11.98","48.37","10.72","neutral"
"2382.56","11.65","49.51","10.02","neutral"
"2395.66","12","50.35","9.99","down"
"2391.79","12.3","50.6","9.81","down"
"2394.48","14.03","50.24","10.38","down"
"2380.52","13.18","51.03","10.41","down"
"2388.35","12.99","51.15","9.89","down"
"2387.81","12.97","51.7","9.75","neutral"
"2379.87","12.55","52.24","10.07","neutral"
"2382.1","12.09","53.08","10.45","neutral"
"2396","11.73","53.4","10.39","neutral"
"2391.77","10.93","53.11","10.16","neutral"
"2409.49","10.43","53.18","10.7","neutral"
"2414.63","10.78","52.65","11.46","neutral"
"2425.1","10.74","52.41","10.42","neutral"
"2426.04","10.62","50.44","10.64","neutral"
"2429.94","10.39","50.27","10.9","neutral"
"2441.84","9.82","49.62","10.38","neutral"
"2450.06","10.06","49.23","10.37","neutral"
"2451.53","10.36","49.56","10.86","neutral"
"2439.9","10.52","49.62","10.75","neutral"
"2434.51","10.38","48.97","10.48","neutral"
"2443.24","12.93","49.33","10.02","neutral"
"2400.99","12.79","48.84","9.9","up"
"2402.71","11.66","47.66","11.06","up"
"2422.96","11.41","47.82","10.03","up"
"2427.63","13.48","45.52","11.44","up"
"2386.85","12.78","46.22","11.18","up"
"2395.45","12.62","46.43","11.22","up"
"2398.75","12.54","45.88","11.07","up"
"2394.73","15.7","47.33","12.54","up"
"2368.39","16.55","47.83","11.19","up"
"2359.47","18.96","47.84","11.11","up"
"2319.71","16.75","48.85","10.89","up"
"2334.22","14.09","48.66","10.3","up"
"2348.26","12.19","49.07","9.9","up"
"2361.67","13.1","49.35","9.51","up"
"2358.37","13.41","50.33","9.82","up"
"2355","12.65","50.73","9.89","up"
"2365.33","12.61","51.47","9.79","up"
"2366.4","12.17","51.36","9.58","up"
"2375.84","12.18","48.9","9.36","up"
"2378.51","13.05","49.8","9.43","up"
"2370.3","13.72","49.94","9.43","up"
"2364.74","12.94","49.97","9.6","up"
"2372.29","13.64","49.66","10.11","up"
"2363.19","13.36","48.32","10.29","up"
"2357.69","15.23","48.36","10.26","up"
"2329.65","16.12","47.66","10.09","up"
"2326.62","16.29","47.4","10.28","up"
"2319.82","14.66","48.19","10.44","up"
"2346.19","14.99","45.72","10.03","up"
"2343.72","13.89","45.64","9.93","up"
"2359.08","13.46","45.83","10.96","up"
"2365.47","13.4","46.08","11.11","up"
"2360.18","11.53","46.46","16.04","up"
"2377.66","11.12","44.73","15.51","up"
"2386.07","11.34","44.46","12.33","up"
"2418.21","11.34","44.74","12.04","neutral"
"2416.05","11.69","44.2","11.74","neutral"
"2412.2","11.56","43.23","15.55","neutral"
"2406.5","12.32","42.53","14.26","neutral"
"2388.71","12.36","42.74","13.19","neutral"
"2380.4","12.65","43.01","11.35","neutral"
"2374.32","12.37","43.38","12.25","neutral"
"2372.57","12.65","44.24","12.23","up"
"2373.14","13.41","44.74","11.28","up"
"2394.47","13.86","44.93","11.32","neutral"
"2433.81","13.2","46.04","11.7","neutral"
"2458.16","12.18","47.07","11.22","neutral"
"2474.76","11.46","47.13","10.59","neutral"
"2473.62","11.92","45.13","10.13","neutral"
"2480.05","12","45.52","12.23","neutral"
"2484.37","12.08","44.23","11.63","neutral"
"2482.91","12.4","44.4","11.55","neutral"
"2473.06","11.93","45.04","12.12","neutral"
"2489.54","12.23","45.49","10.73","neutral"
"2490.05","12.29","46.08","10.58","neutral"
"2490.49","12.37","46.54","10.5","neutral"
"2492.5","12.57","46.02","10.44","neutral"
"2480.63","12.21","46.4","10.17","neutral"
"2496.63","12.39","47.12","10.15","neutral"
"2501.93","12.06","46.79","10.18","neutral"
"2523.43","12.69","45.77","9.78","neutral"
"2556.47","12.99","46.34","9.67","neutral"
"2546.36","13.09","47.89","9.59","neutral"
"2557.97","13.79","48.75","10.21","neutral"
"2549.41","13.92","49.04","10.17","neutral"
"2545.44","13.22","49.71","9.87","down"
"2552.4","11.97","50.17","9.55","down"
"2550.57","11.11","49.16","9.51","down"
"2542.95","11.81","49.59","9.45","down"
"2530.35","11.64","49.03","9.51","down"
"2526.64","12.03","49.58","9.63","down"
"2518.25","11.33","49.39","9.19","down"
"2534.79","11.29","49.17","9.65","down"
"2533.99","11.79","49.56","10.33","down"
"2527.67","11.53","48.59","10.08","down"
"2530.7","11.47","48.82","9.85","down"
"2540.51","11.5","47.59","9.91","down"
"2537.15","11.49","47.55","9.61","down"
"2544.33","12.43","46.78","9.91","down"
"2507.81","12","47.09","10.31","down"
"2514.19","12.23","48.51","10.07","down"
"2512.9","13.2","47.37","10.05","down"
"2476.37","13.26","47.64","9.97","down"
"2475.41","13.23","48.41","11.07","down"
"2501.67","12.98","47.43","11.16","down"
"2510.12","13.58","47.87","11.23","down"
"2474.37","13.66","46.57","11.3","down"
"2461.98","13.04","46.44","9.8","neutral"
"2464","12.46","45.96","10.5","neutral"
"2471.49","12.16","47.23","10.18","neutral"
"2461","11.18","47.29","10.2","neutral"
"2480.55","11.76","47.32","9.93","neutral"
"2469.48","11.06","47.41","9.14","neutral"
"2482.07","11.4","48.66","9.4","down"
"2481.88","11.75","49.16","9.89","neutral"
"2478.53","11.87","49.09","9.78","neutral"
"2472.37","12.72","47.48","10.5","neutral"
"2429.83","11.92","48.07","11.29","down"
"2440.54","12.93","48.23","11.5","neutral"
"2427.34","12.9","49.3","11.59","neutral"
"2436.67","12.06","49.89","13.13","down"
"2467.49","12.66","49.89","11.76","down"
"2479.65","12.64","49.91","11.43","down"
"2486.35","12.22","49.48","10.65","down"
"2466.46","11.92","50.41","9.73","down"
"2497.52","12.31","50.55","9.88","down"
"2513.28","12.03","50.66","9.67","down"
"2510.23","12.12","52.22","9.87","down"
"2499.75","11.19","51.88","10.03","down"
"2487.91","11","52.14","10.7","down"
"2496.42","11.78","51.56","11.28","down"
"2503.73","11.81","51.67","11.43","down"
"2521.74","12.21","50.58","11.68","down"
"2515.43","12.53","50.42","11.33","down"
"2515.81","12.67","49.98","11.02","down"
"2520.26","13.09","50.79","10.16","down"
"2502.11","12.75","49.29","9.58","down"
"2536.6","12.76","49.58","9.34","down"
"2538","12.48","50.92","9.92","down"
"2562.23","12.52","51.3","10.18","down"
"2574.76","13.42","50.6","10.49","down"
"2598.19","14.23","51.45","9.42","down"
"2567.74","14.54","51.87","9.53","down"
"2566.46","13.98","51.88","10.03","down"
"2568.54","14.34","52.04","9.72","down"
"2525.39","16.24","51.29","9.62","down"
"2491.75","22.61","51.47","9.9","down"
"2453.31","23.04","51.9","10.25","neutral"
"2396.56","18.21","52.47","10.47","neutral"
"2407.62","23.73","52.18","10.18","neutral"
"2363.77","21.67","52.64","11.04","up"
"2385.38","20.14","53.9","9.77","neutral"
"2395.19","18.52","54.15","9.15","neutral"
"2421.83","16.66","54.38","9.22","neutral"
"2442.82","17.1","54.3","9.22","neutral"
"2415.12","16.56","54.54","9.52","neutral"
"2429.65","16.85","55.64","10.08","neutral"
"2414.28","15.49","57.35","9.82","neutral"
"2451.52","15.11","57.2","9.88","neutral"
"2457.65","14.53","56.81","10.16","neutral"
"2456.14","15.55","57.17","11.66","neutral"
"2427.36","17.39","56.74","11.91","neutral"
"2402.16","18.69","56.76","12.22","neutral"
"2375.06","16.67","55.7","11.27","neutral"
"2411.41","17.6","55.33","11.03","neutral"
"2401.82","15.49","55.14","11.1","neutral"
"2433.08","14.8","56.55","11.47","neutral"
"2459.45","15.13","56.09","11.58","neutral"
"2484.12","15.05","56.83","11.08","down"
"2494.49","15.16","58.02","13.84","down"
"2486.08","15.52","58.38","14.79","down"
"2492.38","15.52","58.95","13.54","down"
"2493.97","16.3","58.11","13.47","down"
"2475.03","16.47","57.99","17.31","down"
"2485.52","16.73","57.3","37.32","down"
"2484.97","16.24","57.4","29.98","down"
"2496.02","20.21","58.36","27.73","down"
"2416.76","19.29","57.47","33.46","down"
"2437.08","18.16","57.62","29.06","down"
"2452.06","19.81","55.96","25.61","down"
"2419.29","18.94","56.69","24.97","down"
"2436.37","17.54","57.36","19.26","down"
"2445.85","18.3","57.99","19.13","down"
"2444.16","18.61","57.14","19.46","down"
"2442.43","18.86","56.6","20.6","down"
"2408.06","17.03","57.04","20.02","down"
"2437.52","17.35","57.3","18.72","down"
"2429.58","16.5","57.16","16.49","down"
"2444.08","15.11","57.46","15.8","down"
"2450.74","15.65","58.09","18.59","down"
"2444.22","15.24","58.36","19.85","down"
"2442.71","13.81","58.47","22.47","down"
"2455.07","13.91","58.59","19.59","down"
"2457.49","13.35","59.97","18.73","down"
"2453.77","12.92","59.64","18.36","down"
"2479.98","12.6","59.84","17.76","down"
"2486.1","12.91","60.42","16.54","down"
"2476.33","13.58","60.24","14.64","down"
"2474.11","14.3","60.37","15.78","down"
"2464.14","14.86","61.63","16.35","down"
"2448.81","14.57","62.01","17.23","down"
"2475.64","14.05","61.44","16.59","down"
"2492.4","13.59","61.73","15.8","down"
"2515.38","13.63","62.96","19.02","down"
"2505.61","13.66","63.57","18.2","down"
"2487.25","13.31","63.8","17.86","down"
"2461.38","13.39","64.3","23.34","down"
"2449.81","12.73","64.28","24.87","down"
"2443.98","11.95","64.73","21.03","down"
"2464.16","11.25","63.73","22.5","down"
"2477.71","11.71","63.97","22.87","down"
"2476.11","12.8","63.95","19.97","down"
"2458.54","12.69","63.37","23.62","down"
"2459.82","13.09","63.49","21.1","down"
"2448.45","12.69","64.47","20.06","down"
"2460.65","12.94","65.61","18.94","down"
"2465.57","12.82","65.51","21.49","down"
"2471.91","12.84","66.14","21.77","down"
"2466.01","12.5","65.56","20.47","down"
"2460.8","12.55","64.5","20.24","down"
"2478.96","12.93","64.73","18.49","down"
"2457.25","15.52","65.8","17.41","down"
"2409.03","14.55","65.45","16.56","down"
"2423.01","13.18","64.15","15.25","down"
"2438.96","12.67","63.39","15.6","down"
"2447.76","12.51","61.79","15.96","down"
"2453.76","12.35","61.15","16.88","down"
"2470.58","12.96","59.2","16.34","down"
"2451.58","13.25","59.29","18.02","down"
"2470.15","12.81","59.19","17.84","down"
"2468.83","13.18","60.6","16.24","down"
"2423.48","13.65","61.34","15.41","down"
"2404.04","15.09","61.68","15.93","down"
"2376.24","16.74","61.72","15.49","down"
"2340.11","15.38","62.38","15.97","down"
"2363.91","15.85","61.9","15.9","down"
"2337.83","15.17","61.68","14.77","down"
"2357.22","15.48","62.77","14.75","down"
"2357.88","15.74","63.55","14.71","down"
"2350.92","16.08","63.91","13.42","down"
"2342.03","16.7","63.01","13.23","down"
"2314.24","16.04","61.64","12.65","neutral"
"2326.13","18.34","60.99","12.93","neutral"
"2271.54","17.76","61.25","14.63","neutral"
"2272.76","17.49","62.57","13.42","neutral"
"2265.46","17.34","62.6","13.43","neutral"
"2257.55","16.28","61.15","13.42","neutral"
"2272.87","14.81","60.12","13.08","down"
"2285.8","13.89","62.04","13.22","down"
"2294.16","14.83","61.36","12.58","down"
"2280.62","14.11","60.71","12.53","down"
"2285.06","13.06","60.96","13.22","down"
"2310.9","13.57","61.19","17.02","down"
"2301.99","13.8","62.34","14.94","down"
"2297.92","14","62.06","15.43","down"
"2290.11","14.27","63.4","13.46","down"
"2282.29","13.93","65.17","12.74","down"
"2289.19","14.66","64.3","12.4","down"
"2269.31","14.09","65.88","11.64","down"
"2280.2","13.89","65.55","12.13","down"
"2273.03","13.17","65.25","12.18","down"
"2289.06","12.67","64.38","12.35","down"
"2294.99","13.2","64.94","12.34","down"
"2293.51","13.05","63.01","12.94","down"
"2295.26","12.51","63.51","12.12","down"
"2307.07","13.47","63.37","11.98","down"
"2270.2","12.4","63.54","12.31","down"
"2287.68","12.49","62.06","13.35","down"
"2286.5","12.04","63.42","12.79","down"
"2300.16","12.02","65.51","14.64","down"
"2301.45","11.44","66.82","13.77","down"
"2303.71","12.14","67.07","17.33","down"
"2282.79","14.21","67.39","15.92","down"
"2248.45","13.13","66.22","17.91","down"
"2258.91","14.32","66.52","16.85","down"
"2240.8","13.79","68.47","16.09","down"
"2247.05","13.64","68.29","15.6","down"
"2247.88","12.43","68.38","16.14","down"
"2270.06","12.29","68.64","14.97","down"
"2273.33","12.01","67.7","13.37","down"
"2282.6","11.61","68.05","12.69","down"
"2293.21","11.74","68.19","12.64","down"
"2299.3","11.66","68.1","13.63","down"
"2303.12","11.38","68.57","12.58","down"
"2309.03","11.43","67.25","12.18","down"
"2307.35","11.64","67.93","12.83","down"
"2322.88","11.99","68.43","12.06","down"
"2307.03","11.63","69.72","12.1","down"
"2315.72","12.6","70.73","12.87","down"
"2291.77","12.44","69.06","12.86","down"
"2287.61","12.72","71.14","12.62","down"
"2281.58","12.56","71.36","12.41","down"
"2288.66","12.29","70.7","12.29","down"
"2283.2","12.01","70.96","12.14","down"
"2282.92","11.51","71.31","13.03","down"
"2286.23","10.66","71.49","14.26","down"
"2318.25","11.56","71.49","12.83","down"
"2303.01","11.62","71.28","13.15","down"
"2308.98","11.42","72.24","12.19","down"
"2308.46","10.97","72.13","11.64","down"
"2323.45","11.09","71.84","11.27","down"
"2339.17","11.35","70.71","10.93","down"
"2355.43","11.24","67.88","10.85","down"
"2343.07","11.6","67.36","11.27","down"
"2338.88","11.81","67.05","13.16","down"
"2309.57","12.93","66.73","14.78","down"
"2274.49","13.06","68.21","13.31","down"
"2267.52","14.01","67.04","14.64","down"
"2253.83","14.72","65.81","13.45","down"
"2228.61","19.49","64.75","12.64","down"
"2129.67","17.18","65.52","12.49","down"
"2161.85","18.4","64.73","12.86","down"
"2145.12","18.05","65.95","12.25","down"
"2145.12","16.08","65.74","12.41","down"
"2167.51","16.4","66.1","11.99","down"
"2148.31","15.96","66.36","12.16","down"
"2156.26","16.24","66.64","12.5","down"
"2161.71","19.04","66.89","12.25","down"
"2106.1","18.93","65.06","13.53","neutral"
"2097.58","20.68","65.85","12.86","neutral"
"2063.3","22.42","65.07","13.16","neutral"
"2027.15","23.03","66.22","13.91","up"
"1996.05","21.91","65.54","14.65","up"
"2014.69","20.49","68.58","14.88","up"
"2029.69","19.7","68.08","14.16","up"
"2024.46","18.11","70.53","13.22","up"
"2096","19.73","72.76","13.14","up"
"2076.92","19.89","73.45","12.37","up"
"2089.62","19.25","74.15","12.07","up"
"2078.69","16.6","73.94","13.68","up"
"2092.63","15.79","74.14","12.79","up"
"2086.09","16.69","74.13","11.75","up"
"2080.44","18.62","72.94","11.8","up"
"2071.23","18.94","73.8","11.68","up"
"2068.05","18.32","73.85","12.2","up"
"2088.06","18.15","74.11","12.42","up"
"2092.4","17.72","70.38","12.89","up"
"2100.56","18.55","70.33","12.41","up"
"2082.58","18.91","71.01","12.12","up"
"2076.55","18.41","68.06","12","up"
"2069.95","18.48","68.08","12.05","up"
"2057.48","17.82","68.76","11.61","up"
"2083.02","17.46","69.46","14.22","up"
"2099.42","17.54","70.46","14.82","up"
"2108.22","17.99","67.89","15.69","up"
"2114.1","18.57","68.52","15.95","neutral"
"2096.86","16.62","69.3","22.96","up"
"2131.93","16.75","69.61","24.98","neutral"
"2114.35","17.1","68.69","21.31","neutral"
"2101.31","18.96","70.13","21.3","neutral"
"2068.69","18.15","68.76","17.62","neutral"
"2075.76","19.82","67.66","17.4","up"
"2053.79","18.62","68.96","20.06","up"
"2052.97","17.25","68.49","19.89","up"
"2082.57","15.87","69.01","19.64","up"
"2095.55","17.65","69.17","20.71","up"
"2069.38","17.44","66.94","25.23","up"
"2071.09","17.98","66.81","24.22","up"
"2062.11","17.85","67.63","24.16","up"
"2078.84","18.57","67.2","24.7","up"
"2060.12","18.67","67.04","23.35","up"
"2061.49","19.49","65.01","21.23","up"
"2055.01","21.74","65.46","19.34","up"
"2028.01","19.26","65.91","19.51","up"
"2028.44","18.99","66.43","19.96","up"
"2041.04","19.74","67.35","19.91","up"
"2010","19.25","67.86","16.36","up"
"1993.7","17.96","67.83","16.72","up"
"2010.25","16.67","68.72","17.36","up"
"2037.1","16.13","68.87","20.45","up"
"2025.27","15.45","68.53","20.02","up"
"2064.71","15.01","69.51","21.25","up"
"2063.28","14.67","70.25","19.98","up"
"2075.57","14.97","69.8","18.14","up"
"2064.52","15.06","69.92","20.1","up"
"2097.18","14.62","70.12","22.48","up"
"2106.1","14.98","69.87","20.8","up"
"2107.06","14.32","68.72","21.52","up"
"2124.28","14.64","67.77","18.9","up"
"2124.61","14.93","67.75","19.02","up"
"2117.77","14.8","67.54","18.49","up"
"2127.78","14.03","69.25","18.79","up"
"2145.03","14.42","70.37","18.07","neutral"
"2177.73","14.94","68.59","16.44","neutral"
"2177.3","15.18","68.99","20.74","neutral"
"2183.36","16.99","68.91","21.19","neutral"
"2206.2","15.51","69.85","23.23","down"
"2204.85","14.86","71.12","22.64","neutral"
"2203.46","14.75","70.8","21.76","down"
"2203.42","14.83","70.78","21.46","down"
"2177.05","14.87","72.08","20.65","down"
"2180.73","14.88","72.28","21.63","down"
"2190.47","15.77","71.57","24.52","down"
"2201.48","13.76","72.12","25.58","down"
"2225.85","14.24","73.25","25.58","down"
"2196.09","14.29","75.3","28.38","down"
"2210.89","15.15","75.23","30.11","down"
"2205.63","14.64","76.41","36.07","down"
"2229.76","14.53","74.33","30.41","down"
"2228.66","14.2","74.34","29.96","down"
"2230.5","14.59","74.29","28.34","down"
"2232.56","14.63","74.96","25.42","down"
"2226.6","14.54","73.17","23.22","down"
"2234.79","15.49","70.97","25.45","down"
"2195.44","15.01","71.34","21.38","down"
"2190.66","14.75","71.78","21.4","down"
"2179.23","14.53","71.92","20.47","down"
"2175.6","14.55","69.75","19.98","down"
"2165.79","15.17","68.65","19.5","down"
"2137.44","15.58","69.12","18.19","down"
"2138.1","14.6","69.17","19.07","down"
"2157.18","14.79","66.43","18.6","down"
"2148.41","13.96","66.82","19.04","down"
"2155.68","13.6","67.33","18.06","down"
"2176.11","13.9","67.59","17.8","down"
"2179.49","13.6","67.04","20.8","down"
"2177.62","13.95","66.18","19.52","down"
"2177.1","13.48","65.31","18.89","down"
"2184.88","13.1","63.69","17.42","down"
"2186.95","15.06","63.14","18.87","down"
"2144.86","14.82","63.1","19.13","down"
"2148.8","14.67","62.21","17.66","down"
"2145.62","14.92","61.67","16.57","down"
"2128.1","14.29","60.67","16.14","down"
"2140.67","13.73","60.19","15.73","down"
"2168.28","13.34","59.93","15.57","down"
"2177.18","13.29","55.69","15.38","down"
"2203.27","13.6","56.25","16.37","down"
"2206.53","13.59","56.46","15.72","down"
"2209.61","13.15","56.46","15.97","down"
"2210.6","12.67","56.76","15.43","down"
"2213.56","30.4","53.43","15.65","down"
"2224.39","12.29","54.63","16.22","down"
"2224.44","12.41","54.02","14.91","down"
"2233.45","12.92","50.42","14.88","down"
"2242.88","12.66","51.63","14.02","down"
"2248.63","12.65","51.56","14.46","down"
"2245.89","12.85","50.29","13.51","down"
"2213.77","12.45","51.45","14.85","down"
"2216.15","12.89","50.93","15.17","down"
"2216.65","12.72","52.95","14.7","down"
"2220.51","12.9","53.25","14.78","down"
"2201.03","12.88","52.89","13.57","down"
"2190.5","12.98","51.49","14.63","down"
"2179.31","13.22","52.61","14.74","down"
"2216.43","13.28","51","15.74","down"
"2203.59","13.72","51.65","16.59","down"
"2212.75","13.54","51.15","16.05","down"
"2196.32","14.61","52.58","14.33","down"
"2176.99","15.83","51.2","13.77","down"
"2168.01","18.28","49.88","13.41","down"
"2102.01","18.53","46.24","13.5","down"
"2108.04","18.38","47.2","12.88","down"
"2079.01","18.05","45.88","13.1","down"
"2081.84","16.63","45.59","13.56","down"
"2092.78","16.6","42.53","13.91","down"
"2067.69","16.03","43.16","13.63","down"
"2055.8","15.9","46.22","16.48","down"
"2055.71","15.66","44.61","16.33","down"
"2061.25","16.1","45.33","14.68","down"
"2064.86","16.4","45.41","15.15","down"
"2059.59","16.66","45.89","14.43","down"
"2045.31","17.07","46.54","13.71","down"
"2044.21","17.01","47.09","13.4","down"
"2048.83","17.32","47.96","13.36","down"
"2023.32","16.67","48.52","13.74","down"
"2038.8","17.32","49.78","13.58","down"
"2041.74","17.32","52.36","12.82","down"
"2067.85","17.4","52.59","13.18","down"
"2066.97","16.46","51.59","14.28","down"
"2069.11","15.79","50.51","13.3","down"
"2072.33","14.94","52.11","13.02","down"
"2099.49","14.85","52.31","12.01","down"
"2111.81","14.96","52.07","12.32","down"
"2108.75","14.89","53.8","12.18","down"
"2103.15","14.4","53.65","12.6","down"
"2095.41","14.68","54.24","12.09","down"
"2090.73","14.54","52.57","12.09","down"
"2098.71","14.4","52.62","12.42","down"
"2124.78","13.67","53.13","12.28","down"
"2131.29","13.77","53.69","13.14","down"
"2125.62","13.99","51.99","13.25","down"
"2126.33","14.09","53.31","12.73","down"
"2121.64","14.05","54.23","13.11","down"
"2121.85","13.94","53.79","13.12","down"
"2134.32","14.43","55.26","14.8","down"
"2130.62","14.03","54.56","14.42","down"
"2129.74","13.41","53.66","12.87","down"
"2122.02","13.5","54.01","15.44","down"
"2096.02","13.15","52.64","19.32","down"
"2108.73","13.16","52.72","19.4","down"
"2110.59","14.48","52.41","19.1","down"
"2064.17","14.43","53.1","16.04","down"
"2052.03","14.63","53.9","20.55","down"
"2058.78","13.96","54.41","18.06","down"
"2080.58","12.81","55.59","16.44","down"
"2086.66","13.03","56.33","15.29","down"
"2082.48","12.57","56.27","15.96","down"
"2091.87","13.04","56.09","16.31","down"
"2072.92","13.8","56.92","14.95","neutral"
"2066.55","13.11","56.96","14.75","neutral"
"2094.36","13.67","57.26","16.92","down"
"2093.34","13.16","55.48","15.85","down"
"2101.45","13.75","55.5","17.5","down"
"2082.3","14.09","56.94","17.9","neutral"
"2074.48","14.34","57.22","17.3","neutral"
"2066.26","15.08","55.8","18.71","neutral"
"2029.48","14.96","56.59","18.86","neutral"
"2038.68","15.29","56.56","16.97","neutral"
"2024.55","15.22","56.22","16.09","neutral"
"2017.34","16.01","56.66","15.93","neutral"
"1998.13","19.08","56.07","16.3","up"
"1946.98","20.62","56.79","15.94","up"
"1917.5","19.24","56.87","15.99","up"
"1909.71","16.47","58.26","15.91","up"
"1920.61","15.91","58.61","15.82","up"
"1937.75","15.34","58.52","15.28","up"
"1942.29","17.25","59.09","15.35","up"
"1925.83","16.09","59.03","15.15","up"
"1938.37","17.06","59.83","14.33","up"
"1927.17","16.41","59.98","14.75","up"
"1939.9","14.99","59.04","15.4","up"
"1960.25","15.18","58.82","15.26","up"
"1964.65","15.23","59.94","16.28","up"
"1951.01","15.55","59.41","16.21","up"
"1948.3","17.33","59.3","15.82","up"
"1916.31","16.66","60.14","15.08","up"
"1924.6","16.46","61.59","14.06","up"
"1941.09","16.81","62.58","12.93","up"
"1933.41","15.75","62.46","12.57","up"
"1967.79","16.15","62.1","13.28","up"
"1969.19","16.53","63.08","13.96","up"
"1965.69","15.97","64.4","14.09","up"
"1988.53","15.07","63.98","13.03","up"
"2004.75","14.54","64.61","12.93","neutral"
"2009.13","14.37","63.58","12.39","neutral"
"2019.55","13.43","63.89","12.68","neutral"
"2032.08","13.5","63.4","12.86","neutral"
"2049.2","14.41","64.05","13.97","neutral"
"2062.22","14.63","63.76","13.53","neutral"
"2062.33","14.76","64","14.45","neutral"
"2070.73","14.26","65.7","13.53","up"
"2080.35","14.08","66.3","12.61","up"
"2091.52","14.7","65.89","12.07","up"
"2091.7","14.69","65.21","12.74","up"
"2101.04","15.62","63.3","12.16","up"
"2073.39","15.06","63.5","12.83","up"
"2074.52","14.85","63.91","13.94","up"
"2049.93","15.15","63.6","16.12","up"
"2063.05","14.89","61.81","17.87","up"
"2072.42","15.86","61.94","17.61","up"
"2031.91","16.31","62.25","24.59","up"
"2020.69","16.25","61.4","20.17","up"
"2021.73","15.37","62.12","19.49","up"
"2046.25","15.63","61.7","16.91","up"
"2028.15","14.84","61.66","17.97","up"
"2044.61","14.3","61.04","21.09","up"
"2067.4","13.8","61.78","17.52","up"
"2068.17","13.27","62.02","22.1","up"
"2082.83","13.34","62.87","21.18","up"
"2077.94","13.85","62.76","18.47","up"
"2060.69","13.84","63.1","16.88","up"
"2064.84","13.09","62.99","17.5","up"
"2088.86","13.22","61.42","15.8","up"
"2080.62","13.2","57.91","16.68","up"
"2085.66","13.42","58.63","19.87","up"
"2087.89","13.64","58.77","19.32","up"
"2093.6","13.48","59.16","20.31","up"
"2092.69","13.85","59.14","19.35","up"
"2080.27","13.59","58.81","17.88","up"
"2083.48","13.22","56.59","18.98","neutral"
"2100.2","13.32","53.5","19.66","neutral"
"2130.24","13.42","53.25","17.33","down"
"2142.64","13.89","53.48","16.27","neutral"
"2144.15","13.78","51.68","15","neutral"
"2144.29","13.79","52.59","15.27","up"
"2137.23","14.21","53.99","15.2","neutral"
"2124.09","13.65","53.26","14.61","neutral"
"2140.92","13.85","53.27","14.22","up"
"2122.45","13.42","51.14","13.74","up"
"2139.23","13.11","52.28","14.67","up"
"2162.18","13.34","52.51","14.44","up"
"2160.69","13.52","51.93","13.95","up"
"2153.24","14.11","53.9","14.05","neutral"
"2125.32","14.52","53.76","15.32","up"
"2096.6","13.88","56.65","14.91","up"
"2101.96","13.91","57.43","17.05","neutral"
"2123.5","14.21","57.9","15.96","down"
"2121.35","13.85","57.83","16.07","down"
"2127.85","13.77","59.38","17.22","down"
"2118.6","13.96","59.43","16.24","down"
"2087.96","13.96","58.47","18.56","down"
"2091.92","14.26","59.09","20.56","down"
"2084.07","14.37","56.25","19.12","down"
"2068.89","14.55","57.34","17.04","neutral"
"2060.74","13.91","56.8","17.86","neutral"
"2081.85","13.61","57.51","20.28","down"
"2088.65","13.33","57.66","18.64","down"
"2098","13.4","57.83","17.57","down"
"2105.62","13.39","60.43","15.58","down"
"2137.35","13.12","60.2","14.57","down"
"2170.25","13.27","60.21","13.54","down"
"2168.15","13.05","59.58","13.68","down"
"2195.68","13.01","57.62","13.79","down"
"2194.76","13.2","56.78","14.25","down"
"2196.56","13.08","55.3","14","down"
"2204.18","13.97","55.63","14.46","down"
"2203.71","13.81","56.22","14.01","down"
"2190.08","14.15","56.77","13.71","down"
"2197.93","14.13","55.88","12.65","down"
"2204.21","14.69","56.02","13.11","down"
"2197.67","15.4","56.2","13.2","down"
"2175.17","15.88","56.87","12.33","down"
"2176.46","15.88","58.05","13.22","down"
"2155.07","15.08","58.58","12.3","down"
"2175.54","15.97","53.95","12.83","down"
"2151.31","13.58","55.66","13.1","down"
"2186.45","12.81","54.69","12.62","down"
"2206.39","13.26","53.63","12.73","down"
"2229.26","13.41","51.09","12.07","down"
"2238.88","13.37","52.54","12.69","down"
"2230.98","13.58","54.5","12.68","down"
"2248.05","13.6","54.93","13","down"
"2250.57","13.64","57.1","13.05","down"
"2262.64","14.41","55.23","12.05","down"
"2239.69","14.29","54.47","12.46","down"
"2267.25","15.3","54.87","12.86","down"
"2246.13","18.32","56.21","12.78","down"
"2176.72","16.99","56.34","13.13","down"
"2185.28","18.38","55.68","12.34","down"
"2148","19.29","55.35","11.87","down"
"2119.01","19.32","54.17","11.54","down"
"2118.88","18.39","53.64","11.75","down"
"2157.9","18.23","54.93","12.62","down"
"2165.63","17.81","55.78","14.91","down"
"2227.94","17.53","56.71","15.96","down"
"2211.95","18.22","55.1","14.8","down"
"2201.07","18.16","54.8","14.52","down"
"2223.12","16.95","54.66","13.62","down"
"2238.38","16.68","53.94","15.86","down"
"2232.96","16.85","56.26","15.68","down"
"2243.59","17.16","56.3","14.99","down"
"2242.17","18.25","56.52","13.94","down"
"2208.88","18.19","57.85","12.63","down"
"2210.34","18.24","57.4","12.14","down"
"2195.5","19.8","55.75","12.29","down"
"2162.84","23.65","55.09","12.58","down"
"2079.04","22.72","54.85","12.5","down"
"2103.61","25.1","62.9","12.51","down"
"2076.77","26.84","59.34","12.61","neutral"
"2054.89","33.81","58.11","12.67","neutral"
"1987.01","32.66","58.13","12.65","up"
"2002.51","29.49","58.09","13.43","neutral"
"2014.15","26.76","58.64","14.82","up"
"2059.33","23.66","57.29","13.78","neutral"
"2085.26","27.47","56.49","12.47","up"
"2040.22","36.21","56.41","14.02","up"
"1954.77","34.8","55.91","13.85","up"
"1962.93","37.6","54.07","13.79","up"
"1908.27","43.07","53.62","13.45","up"
"1834.33","53.86","52.64","12.54","up"
"1771.44","64.56","52.45","12.56","up"
"1714.86","64.49","52.81","12.32","up"
"1672.44","62.8","52.75","12.39","up"
"1591.2","69.24","52.63","12.42","up"
"1457.64","60.73","52.59","12.32","up"
"1566.15","62.5","53.55","12.1","up"
"1482.46","53.78","54.7","12.85","up"
"1609.97","49.32","53.59","12.91","up"
"1704.76","52.76","52.81","12.98","up"
"1686.24","54.62","53.36","14.56","up"
"1717.73","54.83","53.93","18.23","up"
"1717.12","48.55","53.78","16.28","up"
"1754.64","50","53.31","16.39","up"
"1685.46","47.24","54.16","15.49","up"
"1724.86","45.34","55.97","18.84","up"
"1725.44","38.26","56.23","17.97","up"
"1791.88","36.14","56.66","16.05","up"
"1823.6","40.05","55.81","15.15","up"
"1807.14","35.55","55.54","14.96","up"
"1836.21","35.84","55.06","15.47","up"
"1860.7","39.69","54.18","15.04","up"
"1825.76","36.04","56.2","15.18","up"
"1857.08","34.82","56.54","13.74","up"
"1857.07","31.44","57.23","14.15","up"
"1914.53","33.29","56.35","13.68","up"
"1898.36","36.53","57.15","14.83","up"
"1879.38","36.55","57.24","14.38","up"
"1896.15","34.46","56.86","15.56","up"
"1914.73","37.54","56.8","17.08","up"
"1889.01","35.15","57.12","25.03","up"
"1922.77","32.64","56.77","27.85","up"
"1934.09","30.51","57.72","27.56","up"
"1947.56","36.36","57.05","39.16","up"
"1895.37","31.81","55.21","40.11","up"
"1928.76","31.31","57.11","33.42","up"
"1928.61","28.77","58.58","36.82","up"
"1945.82","29.33","57.77","31.99","up"
"1935.4","27.79","58.01","39.62","up"
"1922.17","25.75","58.41","41.94","up"
"1940.42","26.79","58.11","54.46","up"
"1924.96","26.96","58.08","47.3","up"
"1927.28","27.04","55.17","53.9","up"
"1937.11","25","55.96","75.47","up"
"1980.61","24.85","56.1","57.83","up"
"1989.64","23.57","58.43","82.69","up"
"1998.31","27.74","58.43","75.91","up"
"1970.13","25.27","59.2","76.45","up"
"1994.6","23.8","59.02","72","up"
"2029.78","24.47","59.24","66.04","up"
"2031.2","25.24","58.76","61.59","up"
"2028.54","25.64","59.18","61.67","up"
"2029.6","24.94","60.07","63.95","up"
"2065.08","25","60.21","61","up"
"2087.19","25.74","60.94","65.54","up"
"2147","25.69","60.93","57.08","up"
"2151.18","25.45","61.22","53.54","up"
"2181.87","27.4","60.44","57.06","up"
"2184.29","26.53","60.52","50.91","up"
"2188.92","26.06","61.11","46.8","up"
"2195.69","26.79","61.19","45.24","up"
"2176.78","32.88","61.68","46.7","up"
"2132.3","39.69","61.72","43.35","up"
"2030.82","35.9","61.68","41.67","up"
"2138.05","37.05","61.06","41.17","up"
"2141.05","37.3","61.33","37.76","up"
"2133.48","34.04","61.18","40.84","up"
"2141.32","34.03","63.05","40.11","up"
"2126.73","31.73","63.27","38.15","up"
"2131.24","30.2","62.7","43.83","up"
"2161.51","33.12","59.61","45.41","up"
"2112.37","30.56","59.56","41.98","up"
"2134.65","33.58","59.04","41.38","up"
"2093.48","31.07","58.08","35.93","up"
"2108.33","29.9","58.23","33.29","up"
"2106.7","27.45","57.81","33.57","up"
"2135.37","24.78","58.52","31.23","up"
"2152.41","24.02","58.54","34.15","up"
"2187.93","24.85","59.27","37.19","up"
"2164.17","25.04","58.73","35.97","up"
"2158.88","23.38","58.34","33.61","up"
"2167.9","24.83","56.74","34.12","up"
"2150.25","23.63","55.59","31.44","up"
"2186.06","24.45","54.19","27.98","up"
"2183.61","23.63","53.14","27.57","up"
"2201.88","23.48","53.48","33.04","up"
